,X,Y
AAAGTGAAGCAATTCC-1-SN_062201,11.969392,10.156256
AACGTCAGTTTCCAAG-1-SN_062201,7.915272,13.408141
AAGCGTTCAGCCCACA-1-SN_062201,10.798786,9.2946825
AAGTACCAGCTGAGTG-1-SN_062201,14.173079,4.4941244
AATAGAGTCAAAGACA-1-SN_062201,12.020745,9.8574095
AATGACCCAGGTCCCA-1-SN_062201,9.202513,11.024365
ACCTGAACACCCAATA-1-SN_062201,12.651417,8.494207
AGAGAGCGTGTCTTGA-1-SN_062201,10.345599,12.684345
AGATCGTTCGCAGTTA-1-SN_062201,10.433208,10.40132
AGTCTCCAGTTACGTC-1-SN_062201,10.297881,11.325768
AGTGACTCAACCAGAG-1-SN_062201,0.21702111,11.570293
ATAGACCCAACTTGCA-1-SN_062201,9.07987,10.199418
ATCACAGTCAGGAAGC-1-SN_062201,-8.561125,8.729867
ATGATCGAGACCTCAT-1-SN_062201,11.536856,11.213951
ATGATCGAGTGCTCAT-1-SN_062201,11.287745,11.64757
ATTCCCGGTGTGACCC-1-SN_062201,11.677476,-0.49602962
ATTCTTGTCAACCTCC-1-SN_062201,8.770301,11.4885025
ATTTACCTCGTAACCA-1-SN_062201,11.008455,11.870917
CAACAACAGATAGTGT-1-SN_062201,11.628611,8.723507
CAACGATCATACCATG-1-SN_062201,9.516911,12.030323
CAACGGCCAGCATGCC-1-SN_062201,8.255166,9.454449
CAAGGGAGTGAATAAC-1-SN_062201,-0.34587374,-4.420652
CAATTTCGTGAACTAA-1-SN_062201,9.824626,10.374874
CACCAAACACTGCGTG-1-SN_062201,2.947597,13.8593025
CACTGTCTCTGGACCG-1-SN_062201,-7.2773914,7.910316
CAGCCAGCAATTCTCT-1-SN_062201,10.38045,10.227704
CATCCACGTGTTCCAA-1-SN_062201,10.73739,9.863235
CATTCCGGTGGTTTAC-1-SN_062201,12.464123,5.105458
CATTCCGTCGGCTTGG-1-SN_062201,2.5911884,-0.838511
CCAATTTTCCCATACC-1-SN_062201,10.635477,1.7504082
CCACGAGAGGAAGTCC-1-SN_062201,11.030998,12.365289
CCCGAAGGTGTCATTG-1-SN_062201,9.557986,12.736074
CCCTCTCTCCAGCTCT-1-SN_062201,8.619312,13.523198
CCCTCTCTCTCAATCT-1-SN_062201,11.794484,11.246896
CCTATCGTCTTCCTAA-1-SN_062201,2.03145,-3.311262
CGCGTGACATCTAACG-1-SN_062201,10.77909,7.782986
CGGGCATGTTTACGAC-1-SN_062201,-6.1522613,7.2887354
CGTCCATCAGCTACCG-1-SN_062201,9.017463,13.121551
CGTCCATCATTAAAGG-1-SN_062201,9.778033,11.8812065
CGTGTCTCAACCACGC-1-SN_062201,11.434144,10.26963
CTACCCATCTGCGGCA-1-SN_062201,10.835099,11.686596
CTATAGGTCCGCTAGG-1-SN_062201,13.526667,2.0454335
CTCAGAAGTATGCGTT-1-SN_062201,-3.6941009,2.4925733
CTCATGCCAGCTGAAG-1-SN_062201,-0.2695225,8.458117
CTGTATTCAATCGTCA-1-SN_062201,10.085351,12.67842
CTTGAGATCCGGTTCT-1-SN_062201,7.8538866,7.7161946
GAATCGTTCTCAGGCG-1-SN_062201,10.255736,3.111315
GACCGTGAGCGACAGT-1-SN_062201,11.605924,12.644854
GCCAGCAAGGGCTGAT-1-SN_062201,10.614683,11.2513485
GCGTGCATCACCCTTG-1-SN_062201,9.699593,11.103102
GGGACCTCAGGCTTGC-1-SN_062201,11.054333,10.83901
GGTTGTAGTGTTGATC-1-SN_062201,11.5811205,11.564302
GTAGATCAGGTATAGT-1-SN_062201,-1.6256162,4.5742674
GTCCTCAGTTTGGGAG-1-SN_062201,-3.9903762,5.6976333
GTTGAACAGTCGCTAT-1-SN_062201,2.1422462,12.083182
TATGTTCAGAGCAGTC-1-SN_062201,10.896161,9.713693
TATGTTCTCGGAAACG-1-SN_062201,11.850568,9.1649685
TATTGGGTCTCTAGGA-1-SN_062201,9.040118,12.116776
TCAGGTATCCCGTGTT-1-SN_062201,10.884963,4.240334
TCAGTCCCAATAAGGT-1-SN_062201,2.2376447,-1.7469772
TCAGTCCTCGACACTA-1-SN_062201,10.672226,-3.9794981
TCATCCGAGGTGAGAA-1-SN_062201,-5.8156915,6.321144
TCATTACTCTAAGGAA-1-SN_062201,10.785755,10.72781
TCCATGCAGGGCATGT-1-SN_062201,9.625584,11.029896
TCTCTGGAGTGTTGAA-1-SN_062201,11.314857,8.06745
TCTGGCTAGAGCAGAA-1-SN_062201,13.244139,7.176128
TGACGCGAGAGGCGGA-1-SN_062201,12.953685,6.0212116
TGAGACTGTGATGAAT-1-SN_062201,10.663957,9.042941
TGAGCGCGTTTGGGTT-1-SN_062201,11.653883,10.60362
TGCAGATTCCCTATTA-1-SN_062201,8.74701,12.932132
TGCTCCACAGACATCT-1-SN_062201,10.143075,9.154386
TGCTGAAGTGTTCCTC-1-SN_062201,-1.3445729,7.7482457
TGGAGGAGTTAAGACA-1-SN_062201,10.202417,10.204159
TGGGAAGAGTAACCGG-1-SN_062201,11.628781,9.978543
TTCACGCTCATGCGGC-1-SN_062201,12.274818,6.3033094
TTCCAATGTCGTTGGC-1-SN_062201,9.030804,11.963406
TTGCATTAGGACACTG-1-SN_062201,12.777524,2.3107727
TTTACGTTCCGTGGCA-1-SN_062201,10.819937,0.97598475
TTTATGCCACAGCATT-1-SN_062201,9.136146,12.890398
TTTCACACAAATGAAC-1-SN_062201,-11.062415,7.577104
AAATGGAAGGGAGTGG-1-SN_080101,2.7251844,10.964103
AACAAAGCAACCACAT-1-SN_080101,6.1623526,8.115453
AACCAACCATCGAACT-1-SN_080101,4.349485,15.290656
AACGAAAAGACAACAT-1-SN_080101,8.512217,7.3103924
AACGAAACAGGCGATA-1-SN_080101,6.6233463,11.90854
AAGACTCAGGTGGTTG-1-SN_080101,-9.923489,6.3056707
AAGCGTTTCTACCCAC-1-SN_080101,5.373807,8.255462
AAGTGAAGTATCTCGA-1-SN_080101,1.6119863,5.8851924
AATCACGTCGTGTCAA-1-SN_080101,7.0394983,8.616661
AATCGTGAGTGATAGT-1-SN_080101,5.0642667,12.403406
AATGAAGGTCCACTCT-1-SN_080101,2.7816463,12.847118
ACAAGCTCATACCATG-1-SN_080101,12.535416,2.5887985
ACAGAAACAGTCTGGC-1-SN_080101,9.931311,3.8192284
ACAGCCGAGAGTCACG-1-SN_080101,7.7085114,11.881203
ACAGGGAGTTCGCGTG-1-SN_080101,2.3002214,8.924578
ACCTGAATCCAGCACG-1-SN_080101,13.895036,0.69802135
ACCTGTCAGGCCTGAA-1-SN_080101,3.3705668,6.821972
ACGGTCGAGGTTACAA-1-SN_080101,4.1754613,9.209116
ACGTCCTGTCGTGGAA-1-SN_080101,1.431388,10.619415
ACTGATGAGGCAATGC-1-SN_080101,5.7515845,9.862133
ACTTAGGCACGCAAAG-1-SN_080101,1.0398952,9.484476
ACTTATCTCGGACTGC-1-SN_080101,1.9574684,10.537658
AGAACAAAGACGCCCT-1-SN_080101,8.78769,6.283627
AGAACAAGTGGACCAA-1-SN_080101,9.7642975,-2.1559567
AGAAGTAAGTCATCGT-1-SN_080101,1.8381494,10.005358
AGACAAATCAACTCTT-1-SN_080101,11.741814,-2.8273692
AGAGAGCCACTACGGC-1-SN_080101,7.413459,11.284092
AGAGAGCGTGTCCCTT-1-SN_080101,0.1071217,-3.899414
AGAGCAGTCTAGTGTG-1-SN_080101,10.27635,4.290372
AGAGCCCGTTGGACTT-1-SN_080101,6.897084,10.965305
AGCCACGAGTTCACTG-1-SN_080101,5.3217316,9.984588
AGCTACAAGGCCCAAA-1-SN_080101,4.1918297,13.509924
AGGATAATCTCAACGA-1-SN_080101,9.597834,1.0705917
AGGCTGCGTAACATCC-1-SN_080101,2.1223845,10.695773
AGGCTGCGTGCTGCAC-1-SN_080101,6.908001,7.3626227
AGGTGTTAGTCAGCCC-1-SN_080101,8.72877,4.163351
AGTAACCCATGATCTG-1-SN_080101,6.7759614,13.764072
AGTGATCAGTGGACTG-1-SN_080101,6.299691,6.6988535
AGTGCCGAGATACTGA-1-SN_080101,3.1700563,11.436993
ATACTTCGTGCGTCGT-1-SN_080101,1.7695049,12.500439
ATAGACCAGTAAACAC-1-SN_080101,7.4230633,11.202824
ATAGAGACACCTATCC-1-SN_080101,4.4257703,9.610451
ATATCCTTCATTTGCT-1-SN_080101,6.9199805,6.170393
ATCACGACAAGTACCT-1-SN_080101,12.374905,3.7307625
ATCCATTAGTCCTGCG-1-SN_080101,7.7048087,2.4691064
ATCGGATAGATGTTCC-1-SN_080101,6.3052306,10.622335
ATCGGATCATCCGAGC-1-SN_080101,2.0042696,9.152784
ATGAAAGTCAGAGTGG-1-SN_080101,5.5667644,13.48439
ATGAGGGCAACCAGAG-1-SN_080101,4.018528,7.0536275
ATGCGATGTGTTATCG-1-SN_080101,3.1016333,9.363392
ATTACTCGTTCTCGTC-1-SN_080101,8.537897,6.3597984
ATTCTACTCGGACTGC-1-SN_080101,5.82943,8.944934
ATTCTTGTCTAGACCA-1-SN_080101,5.189029,12.285829
CAAGCTACACGTCGTG-1-SN_080101,-10.013278,6.5137663
CACAGGCCACAATTCG-1-SN_080101,10.396609,0.8621379
CAGAGCCCAAAGGATT-1-SN_080101,6.4812613,12.006636
CAGATCACAAATTGGA-1-SN_080101,6.0500174,10.416527
CAGATCATCATTCTTG-1-SN_080101,11.96186,-1.1358103
CAGCACGGTCGCGGTT-1-SN_080101,3.1745284,10.30601
CATCGCTGTAGTCTTG-1-SN_080101,0.91114324,11.948726
CATTGAGCAATGAACA-1-SN_080101,-5.9375076,4.9418573
CATTGCCGTTCGTGCG-1-SN_080101,7.7626987,6.3993435
CATTTCATCCACTGAA-1-SN_080101,6.768794,10.897793
CCAATGATCGGAAACG-1-SN_080101,6.6989036,9.491028
CCAATTTCAGAGATGC-1-SN_080101,-4.171704,0.8997475
CCACACTAGGTCATAA-1-SN_080101,-9.535651,9.700104
CCACACTAGTGCAGGT-1-SN_080101,3.0409307,9.27203
CCACCATCAGTTGAAA-1-SN_080101,5.770245,10.031095
CCATAAGCAATGAAAC-1-SN_080101,-9.709912,9.733716
CCCTCTCTCACATACG-1-SN_080101,0.8104732,9.951913
CCGGACAAGGCGTCCT-1-SN_080101,4.545895,10.14634
CCGGACATCTGCTGAA-1-SN_080101,6.0794625,11.854125
CCTTGTGTCCAAGCTA-1-SN_080101,9.924869,8.646345
CCTTTGGAGGTGTGAC-1-SN_080101,8.955466,9.915023
CGAAGTTAGTAGCAAT-1-SN_080101,9.473305,3.7349253
CGAGAAGGTGAGCTCC-1-SN_080101,5.4496226,14.109266
CGAGGCTCAAGTATAG-1-SN_080101,1.020987,11.113667
CGAGGCTTCTCCGATC-1-SN_080101,10.283717,-3.2485344
CGGACACAGACGGATC-1-SN_080101,5.05754,11.215548
CGTTGGGTCAACGCTA-1-SN_080101,2.113686,5.3230534
CTACATTGTACTAACC-1-SN_080101,6.2729216,8.350095
CTACCCACATATCTGG-1-SN_080101,6.975916,8.296774
CTACTATTCAACTGGT-1-SN_080101,6.692725,8.190732
CTCAGTCAGACTACCT-1-SN_080101,7.412355,12.141233
CTCATCGAGTCATTGC-1-SN_080101,0.832656,11.76656
CTCATCGCAAATAGCA-1-SN_080101,9.35247,2.727718
CTCATTAGTGCCAAGA-1-SN_080101,0.28034052,10.239323
CTCCATGAGTCCGCGT-1-SN_080101,-4.4149027,5.136828
CTCGAGGTCGCGGACT-1-SN_080101,1.1673849,5.920134
CTGCCATTCACGAACT-1-SN_080101,5.767546,11.919151
CTGGACGGTCTGTCAA-1-SN_080101,10.757744,5.644741
CTTCAATAGTTTGAGA-1-SN_080101,3.9709575,10.050079
CTTGAGAGTTGTGGCC-1-SN_080101,2.310484,8.228499
CTTGATTTCTGCGAGC-1-SN_080101,1.7829096,11.671953
CTTTCGGCACTCATAG-1-SN_080101,7.820667,5.903725
GAAACCTAGCAGCACA-1-SN_080101,2.2665625,6.5126634
GAAATGATCACAGTGT-1-SN_080101,-9.729657,6.9008007
GAACACTAGTCTAACC-1-SN_080101,2.7824993,13.5488205
GAACGTTGTCGTATTG-1-SN_080101,6.5329804,8.889296
GAAGCCCCAGCACCCA-1-SN_080101,-9.497139,9.270628
GAAGCCCTCTGTGCTC-1-SN_080101,2.370017,5.950772
GAAGCGATCCGGCAGT-1-SN_080101,8.293835,4.637383
GAAGGACGTTGCATCA-1-SN_080101,11.9853115,4.363236
GAAGTAATCCTCTCGA-1-SN_080101,3.8094053,12.800988
GAATAGAGTCAACACT-1-SN_080101,8.468827,5.1759057
GACCCAGAGTTACGGG-1-SN_080101,4.943561,9.273577
GACCTTCTCCGCAAAT-1-SN_080101,-4.3797107,4.084983
GACGCTGGTACAGCGA-1-SN_080101,0.31462097,10.566791
GAGAAATCAATCGCAT-1-SN_080101,7.4565907,3.4451494
GAGACCCAGACCAAGC-1-SN_080101,6.0156803,10.500809
GAGCCTGTCCACAGCG-1-SN_080101,3.368569,11.08934
GAGCTGCGTTGTAGCT-1-SN_080101,5.240744,8.996233
GAGTTACCACTGCATA-1-SN_080101,7.3371377,9.086263
GATTGGTGTTCCTAGA-1-SN_080101,8.241527,2.8702326
GCATTAGGTCGTGGTC-1-SN_080101,-3.3453345,5.0312023
GCCAACGTCCCAATAG-1-SN_080101,3.0208173,7.295428
GCCAGGTAGTATTGCC-1-SN_080101,6.013503,13.139248
GCCATGGCATCATTGG-1-SN_080101,0.24639502,-1.319964
GCCGTGAAGCACCGTC-1-SN_080101,9.443342,3.9879482
GCGATCGTCTTAGGAC-1-SN_080101,7.52222,10.7142
GCTCAAATCCACCTCA-1-SN_080101,-12.829944,6.2987623
GCTGAATAGCCGGAAT-1-SN_080101,7.097695,6.7766986
GGAAGTGCACCAGCGT-1-SN_080101,3.5183668,9.19255
GGAAGTGGTAACGGTG-1-SN_080101,7.5293813,12.493787
GGAAGTGTCGAGCCAC-1-SN_080101,3.901133,5.299388
GGACGTCAGTTAACGA-1-SN_080101,6.8219824,9.907881
GGAGAACTCGACATAC-1-SN_080101,2.6516266,6.904658
GGAGCAATCACAACCA-1-SN_080101,-2.6486797,3.015973
GGGATCCAGTGACCTT-1-SN_080101,11.575205,4.667788
GGGCTCACAGTCTACA-1-SN_080101,6.9959803,6.6293473
GGGTTATAGCCTTTGA-1-SN_080101,5.56235,13.713589
GGTAGAGCAGCTACCG-1-SN_080101,-0.9268216,0.2752193
GGTCACGAGCTAAATG-1-SN_080101,4.403775,7.1742396
GGTGAAGTCTCTGCCA-1-SN_080101,7.2945547,9.960144
GTAACACGTCCCTCAT-1-SN_080101,0.54307663,2.6681857
GTAAGTCTCCTCGATC-1-SN_080101,3.572329,12.980677
GTACAGTGTTCGGCTG-1-SN_080101,3.1884923,9.3468895
GTCCCATTCCAGCAAT-1-SN_080101,6.2526827,11.644141
GTCTGTCAGAGTCTTC-1-SN_080101,3.8424895,12.097996
GTGAGTTCATGAAAGT-1-SN_080101,6.339813,7.7057514
GTGCTGGAGAATTGTG-1-SN_080101,6.024683,9.398431
GTGCTTCGTTTCTTAC-1-SN_080101,4.190337,13.797546
GTGGAAGCAACGGTAG-1-SN_080101,10.371778,6.25956
GTGGGAAAGAGTGTTA-1-SN_080101,9.975258,1.4225985
GTTACCCGTCAAGCGA-1-SN_080101,1.4497578,13.161609
GTTAGTGAGAACGTGC-1-SN_080101,3.0147936,11.391992
GTTGCTCTCAATGTCG-1-SN_080101,3.6407146,11.231154
TAAGCCAAGCCTCACG-1-SN_080101,4.526271,8.008619
TAAGCGTCACAGTGTT-1-SN_080101,12.826632,-0.7631849
TAATTCCCAGTCACGC-1-SN_080101,4.3177614,10.318739
TACCGAAAGGCCATAG-1-SN_080101,1.2302166,11.531339
TACGCTCCAGTTTCGA-1-SN_080101,11.346056,-0.36282283
TACGTCCTCCCTGGTT-1-SN_080101,3.4513335,-2.5886996
TACTTCAGTCGTATTG-1-SN_080101,4.948776,14.8184595
TAGTGCATCCTTTAGT-1-SN_080101,10.346273,-3.136406
TATACCTTCAACTGGT-1-SN_080101,2.3722425,14.220727
TATCTTGCACTGGATT-1-SN_080101,6.3708243,9.488674
TCACATTTCTGACGCG-1-SN_080101,4.817919,10.450759
TCACTATGTTCTTGTT-1-SN_080101,5.2586455,12.460056
TCAGCAAGTCATACCA-1-SN_080101,3.5646482,7.8119974
TCAGGGCGTCCTCCTA-1-SN_080101,6.779028,7.3042836
TCATATCGTGTTTACG-1-SN_080101,4.5804434,11.767425
TCCGGGATCGTCCTCA-1-SN_080101,5.717181,12.401342
TCCTGCAGTTTGTTCT-1-SN_080101,-2.98896,2.6497624
TCCTGCATCACTGGGC-1-SN_080101,3.7248006,13.240365
TCGAAGTCAACCACGC-1-SN_080101,1.5364591,12.482495
TCGTCCACATTCTCTA-1-SN_080101,6.1627235,9.939989
TCTGCCAAGTATGGCG-1-SN_080101,6.429866,13.152007
TCTGTCGCACGCTGAC-1-SN_080101,4.07433,12.317269
TCTGTCGGTAGATCCT-1-SN_080101,6.915868,10.706994
TCTTCCTCACCCTTGT-1-SN_080101,7.1909213,12.3809395
TGAACGTTCAAGTCGT-1-SN_080101,6.6964755,12.722751
TGACCCTAGCTACTAC-1-SN_080101,-1.0187827,-0.2662437
TGATGCATCACGGGAA-1-SN_080101,9.970653,-0.2564212
TGCAGTATCAACTACG-1-SN_080101,9.393834,9.2527275
TGCGGCAGTATCGAGG-1-SN_080101,-8.3902445,7.9268613
TGCTCGTAGGCATCGA-1-SN_080101,3.3391206,13.5447
TGCTCGTTCTGGTGGC-1-SN_080101,4.573397,11.653733
TGGAGGATCGAACCAT-1-SN_080101,0.56103766,12.267873
TGTAACGTCGGAATGG-1-SN_080101,2.9853957,13.280045
TGTAAGCGTGGCTTGC-1-SN_080101,13.935257,1.6337676
TGTCCCAGTGCTTATG-1-SN_080101,2.6413991,7.5754843
TGTCCCATCACAATGC-1-SN_080101,2.485513,11.92444
TGTCCTGGTGCCTACG-1-SN_080101,4.880753,8.562182
TGTTTGTAGCATCGAG-1-SN_080101,0.23379366,-1.3969369
TGTTTGTGTATTAAGG-1-SN_080101,4.441618,14.080907
TTACAGGTCTATCACT-1-SN_080101,13.1565,-0.3540208
TTCCTAACACGGTAGA-1-SN_080101,8.372515,6.6183667
TTCCTAAGTAGTGTGG-1-SN_080101,4.781955,9.705502
TTGCGTCTCTTAAGGC-1-SN_080101,2.7182422,8.60615
TTGCTGCCAGAACTAA-1-SN_080101,3.6283312,14.714786
TTGCTGCGTTCGATTG-1-SN_080101,5.9855313,13.787082
TTGGATGGTCCTGGGT-1-SN_080101,1.3422303,12.747258
TTGTGTTCAGAGTCAG-1-SN_080101,1.3833982,11.198962
TTTGGTTAGAATCGAT-1-SN_080101,8.087714,6.7556953
AAAGGGCGTGCACATT-1-SN_080102,10.223515,2.8934171
AAGACTCAGCCTCTCT-1-SN_080102,3.0002627,6.4242306
AAGTGAATCTGGAGAG-1-SN_080102,8.310481,8.657509
AATCGACCAACCACAT-1-SN_080102,6.97018,10.104828
AATGAAGGTATCGCGC-1-SN_080102,10.422008,8.287481
AATTCCTAGATCCGAG-1-SN_080102,-7.864518,8.277225
ACAGAAACAAGATTGA-1-SN_080102,4.857247,12.171311
ACATTTCTCGCGTAGC-1-SN_080102,4.611749,12.917001
ACGATGTAGCCTTCTC-1-SN_080102,1.2493637,12.480014
ACTACGATCAACCTCC-1-SN_080102,9.27995,7.2701397
ACTTTCACACTGGCGT-1-SN_080102,3.154501,-2.9308853
AGAACAACATGTTACG-1-SN_080102,0.67317504,-1.6472642
AGCTACATCCGTAATG-1-SN_080102,-10.404388,8.039971
AGGACTTTCGTGGTAT-1-SN_080102,9.778734,8.5831175
AGGGTTTGTAGTTACC-1-SN_080102,9.629449,8.869545
AGTCATGAGGGAGTGG-1-SN_080102,3.5672002,10.971598
AGTGCCGCACGTTGGC-1-SN_080102,5.432264,15.038611
ATCGTGATCAGCATTG-1-SN_080102,6.127775,13.212294
ATGAGTCTCCCGTAAA-1-SN_080102,7.038265,13.737698
ATGCATGCAATCGAAA-1-SN_080102,8.440239,11.509434
ATGGGTTGTGGCTTGC-1-SN_080102,2.058771,13.611778
CAAGGGAAGGGTGGGA-1-SN_080102,4.9589305,10.969445
CAATTTCCAGAGATGC-1-SN_080102,10.898414,-2.7795248
CACTAAGCAATTCTTC-1-SN_080102,3.5611887,14.055292
CACTGAATCTGTCTCG-1-SN_080102,9.036977,8.169484
CCGTAGGTCGGTTGTA-1-SN_080102,7.303439,13.119693
CCTACGTGTCGCGGTT-1-SN_080102,6.3476887,12.636054
CCTATCGTCTCCTGAC-1-SN_080102,11.490302,-2.7671247
CGGGCATGTGTTACAC-1-SN_080102,1.3241283,9.473911
CGTTCTGGTTGTAGCT-1-SN_080102,6.1735363,14.354029
CTATCTAAGACTCCGC-1-SN_080102,5.1409345,15.168622
CTCATCGTCACACCCT-1-SN_080102,6.607208,14.352307
CTGAATGTCGGTCATA-1-SN_080102,10.611369,3.995445
GAACGTTAGAGTGAAG-1-SN_080102,0.81078684,10.989895
GAATAGAGTAGGAAAG-1-SN_080102,-6.5672765,8.134687
GACACGCTCTGAATGC-1-SN_080102,12.408343,-0.74572605
GAGTTTGGTGTGTGGA-1-SN_080102,2.065974,10.534228
GCAGCCACAATTAGGA-1-SN_080102,11.356248,4.9961905
GGCACGTAGGGAGAAT-1-SN_080102,9.045937,8.351958
GGCTGTGGTGTAACGG-1-SN_080102,6.3642664,12.902135
GGGAAGTTCATTACGG-1-SN_080102,5.649893,13.34918
GGGTCTGAGCGGTAAC-1-SN_080102,-12.7762375,6.2568965
GTACAGTGTAATGTGA-1-SN_080102,2.789982,-3.6765697
GTGGCGTGTTGCTCGG-1-SN_080102,4.0555277,13.638397
GTGTTCCCAGGCTATT-1-SN_080102,9.005218,8.877881
GTGTTCCTCTCATTTG-1-SN_080102,9.036155,6.624361
GTTCATTCACTATGTG-1-SN_080102,6.4027205,12.168365
GTTCTATTCGTCACCT-1-SN_080102,8.814072,7.5882874
TAGGTTGGTCCAGCGT-1-SN_080102,1.8116564,10.699197
TCACACCGTCATATGC-1-SN_080102,7.650689,12.712633
TCAGGGCTCCCGTGTT-1-SN_080102,11.377859,-3.29022
TCAGGTACATCAGTCA-1-SN_080102,7.646693,11.996941
TCATTGTAGTGAGTTA-1-SN_080102,9.124248,3.541755
TCTATACCAAAGCGTG-1-SN_080102,9.700231,8.212313
TCTGGCTGTAACGATA-1-SN_080102,10.929703,3.931824
TGGGCGTGTGGCCCAT-1-SN_080102,7.521047,7.863174
TGGGCTGAGCTGACTT-1-SN_080102,6.7669587,13.5190325
TGTGGCGTCCACGTGG-1-SN_080102,4.5472345,14.912204
TGTGTGAGTTTCGTAG-1-SN_080102,9.162702,3.492876
TTCATGTCACCATATG-1-SN_080102,8.092903,11.085318
TTGTGTTCAAGTACCT-1-SN_080102,1.7381904,11.777703
TTTGATCGTAGGGTAC-1-SN_080102,6.2977967,12.428451
TTTGATCGTGCGGATA-1-SN_080102,0.60544986,10.858835
AAGACTCTCGCTCCTA-1-SN_092501,-8.21027,3.9057662
ACCATTTTCCGAGTGC-1-SN_092501,-0.7830351,8.357443
ATAGGCTTCAAGATAG-1-SN_092501,8.7197,-1.5108752
CAGCGTGAGACGTCGA-1-SN_092501,-3.6534882,6.480803
CGTTAGACAGAGTAAT-1-SN_092501,9.1862335,-2.9367034
GATTTCTCAACTCATG-1-SN_092501,-9.719432,8.679777
GGGTATTGTAGGAAAG-1-SN_092501,9.343209,-3.6082568
GTAGTACGTGGTAACG-1-SN_092501,-9.66936,7.785197
TCAGCCTTCAGCTGAT-1-SN_092501,-3.1344779,4.13101
TCTCAGCTCATCTATC-1-SN_092501,-1.4277844,11.558369
TTTCACATCGAACCTA-1-SN_092501,-0.27879995,-3.8303583
ACTGTGAGTTTATGCG-1-SN_092502,-10.448227,9.674004
AGGTAGGTCTATTCGT-1-SN_092502,0.2102661,1.6559986
CAACAGTTCAACCCGG-1-SN_092502,-10.024719,9.775773
CATACAGGTGAATTAG-1-SN_092502,-7.9563723,7.8501234
CCGATGGTCGCAGTTA-1-SN_092502,-0.6648561,-3.5621789
GACACGCAGAAGGTAG-1-SN_092502,-7.6879344,7.8511305
GCTACCTTCTGCGGCA-1-SN_092502,-10.775487,9.868656
GGGCTCAAGTTACGGG-1-SN_092502,9.447752,-3.5191905
GGTTCTCTCATGGAGG-1-SN_092502,-8.611113,4.3907166
TTACTGTTCAACTGGT-1-SN_092502,-0.87111986,-3.5739703
TTCATGTTCGACGCGT-1-SN_092502,9.672265,-3.0998197
TTCCAATTCCACCTGT-1-SN_092502,-0.12558883,-4.2084746
TTTCGATGTGTCCAAT-1-SN_092502,7.588932,-1.2139584
AAAGAACAGGTTGCCC-1-SN_092503,-2.9076571,3.775717
AAGGTAATCTCGCGTT-1-SN_092503,2.4720423,4.0512533
AATCGACGTGAGGAAA-1-SN_092503,-1.2565808,2.6214287
AATCGTGGTCGTCTCT-1-SN_092503,-3.852019,3.18142
AATTCCTCACCGGCTA-1-SN_092503,-7.084191,1.9872868
ACAAAGACAAGGGTCA-1-SN_092503,14.841029,1.4830668
ACAAAGACACGCGCAT-1-SN_092503,0.22721879,11.163866
ACCATTTTCATGCATG-1-SN_092503,-2.0623066,5.4632525
ACGGTTATCTTCTAAC-1-SN_092503,13.368373,2.8199844
ACTATCTAGTAGGCCA-1-SN_092503,0.8558758,8.991277
AGAACCTGTCCACGCA-1-SN_092503,2.2169843,2.583869
AGACCATGTTATAGCC-1-SN_092503,0.028330171,1.9811995
AGATGCTCAGAACCGA-1-SN_092503,12.386155,1.42792
AGCCACGCAACTGCTA-1-SN_092503,-3.5045388,5.041976
AGCCACGTCGCGGTAC-1-SN_092503,-1.1889827,8.8547735
AGGATCTGTAGCTCGC-1-SN_092503,-4.2860727,3.3340921
AGGGTTTTCGAACCAT-1-SN_092503,-6.8380594,1.5440255
AGTAGCTGTCGGTACC-1-SN_092503,2.9844317,1.8000648
AGTTCCCCACACGTGC-1-SN_092503,-5.0458155,2.4364123
ATACTTCAGATGGTCG-1-SN_092503,-7.162923,1.5950166
ATCACTTAGGGTGGGA-1-SN_092503,6.097102,5.826662
ATCACTTGTAGACTGG-1-SN_092503,1.80141,3.500083
ATCCATTGTTGGGAAC-1-SN_092503,-10.237387,8.731167
ATCGTCCTCTCGTGAA-1-SN_092503,-6.8238893,7.993978
ATCGTGATCAAAGACA-1-SN_092503,-6.0313983,1.1706431
ATTACTCCAGGTTCCG-1-SN_092503,-2.8973193,7.2323422
ATTCCCGAGTAGTGCG-1-SN_092503,-0.6282509,-4.587147
ATTCCCGTCGCGAAGA-1-SN_092503,-7.1240644,1.9225366
ATTGTTCGTGCCCTTT-1-SN_092503,-12.994097,6.599386
ATTTCACCACGTATAC-1-SN_092503,10.494967,0.42121935
CAACGGCAGTGCACCC-1-SN_092503,10.639039,-1.0441688
CAATCGATCTCGACGG-1-SN_092503,-2.6651397,5.772329
CACAGATGTACAACGG-1-SN_092503,-12.211988,6.6363664
CACAGGCTCGAGTCCG-1-SN_092503,-7.982859,3.1583302
CAGATCACATTGCTTT-1-SN_092503,-10.966628,6.89573
CATACTTGTCTAGTGT-1-SN_092503,4.10503,4.3212566
CATTCCGCAACAGATA-1-SN_092503,0.80082417,2.8121428
CCAATGACAAGGTCAG-1-SN_092503,1.3789068,2.737205
CCAATGATCCATAGAC-1-SN_092503,7.4659476,9.539318
CCACAAACATGGATCT-1-SN_092503,-7.5665555,3.400154
CCACCATTCGCCTAGG-1-SN_092503,-8.282243,4.1961126
CCTCAGTCATTGCTTT-1-SN_092503,-6.525171,1.4818016
CCTGTTGTCATTGCCC-1-SN_092503,12.738827,4.007718
CCTTCAGGTGATTCAC-1-SN_092503,-2.3212101,6.9963284
CGAGGCTTCTTGATTC-1-SN_092503,12.949847,4.4838834
CGCAGGTCAGGCCCTA-1-SN_092503,9.731797,-3.6019692
CGCATAAAGACCATAA-1-SN_092503,1.4951712,2.722047
CGCATGGAGCATCCCG-1-SN_092503,-8.511426,7.300058
CGGAATTGTACAAGTA-1-SN_092503,-11.6603565,6.6124077
CGTCCATAGTTACGTC-1-SN_092503,-1.2865667,1.8294878
CGTGTCTAGCGGTAGT-1-SN_092503,2.1739106,2.7718124
CGTTAGATCTACCCAC-1-SN_092503,-2.4289875,5.66691
CTACATTTCTCGACGG-1-SN_092503,11.078313,-3.4538193
CTACCTGCAACCCTCT-1-SN_092503,-2.3062468,1.8549207
CTCCCAACATGAATCC-1-SN_092503,8.995731,-0.649493
CTGAGGCAGGATGCGT-1-SN_092503,-6.973396,4.0680957
CTGCAGGCACGTGAGA-1-SN_092503,-12.35374,6.170544
CTGTAGATCACGACTA-1-SN_092503,11.017547,-3.835134
CTTACCGTCTAAACGC-1-SN_092503,8.966235,-1.4832493
GACTGATTCGCATAGT-1-SN_092503,-3.6934378,2.3861845
GAGAAATCAAATTGCC-1-SN_092503,1.3029399,3.4533179
GAGACCCAGTTAACGA-1-SN_092503,0.5593009,3.1694844
GAGTCTAAGTTTGCTG-1-SN_092503,-7.8470097,4.7543225
GATCAGTTCGACCAAT-1-SN_092503,-2.1433904,2.161645
GCATGATAGGCTCAAG-1-SN_092503,9.205599,13.976443
GCGGATCTCTATACGG-1-SN_092503,-2.6500692,4.356625
GCTACAAAGCACTCCG-1-SN_092503,9.208902,7.8241343
GGATGTTCATATCTCT-1-SN_092503,7.1456356,14.826165
GGCAGTCGTTTGGCTA-1-SN_092503,9.745868,3.1064658
GGGACAATCGATACAC-1-SN_092503,-8.246569,8.570187
GGGACCTCAATCTGCA-1-SN_092503,-3.189169,5.7139363
GGGTTTATCATTCCTA-1-SN_092503,9.673821,3.8541563
GGTGAAGGTGTTACTG-1-SN_092503,-6.2919474,1.6758816
GTAGGAGAGAGAAGGT-1-SN_092503,-0.2708054,1.7345526
GTCACTCCACTCTCGT-1-SN_092503,9.252345,-1.0224739
GTCAGCGAGCCTAACT-1-SN_092503,9.888925,3.2389483
GTCATCCCATGGCACC-1-SN_092503,9.607634,3.4567695
GTCATGAGTAACCAGG-1-SN_092503,-4.601235,2.562361
GTGTAACAGCTGGAGT-1-SN_092503,-7.3633175,8.487147
TAAGCGTCACGTAGAG-1-SN_092503,-3.5133579,7.757529
TACCGGGTCTTTCGAT-1-SN_092503,2.5624774,3.3835618
TAGGAGGGTGTACATC-1-SN_092503,8.045525,15.023993
TAGGTTGAGCTTAGTC-1-SN_092503,-7.3223457,4.300249
TATCCTACAGTAACAA-1-SN_092503,9.256478,7.967376
TATGTTCTCCCAATAG-1-SN_092503,-11.765449,6.7510357
TATTCCATCCAGCTCT-1-SN_092503,-1.0199499,7.897377
TCAAGTGGTGGCAGAT-1-SN_092503,-0.11116973,10.45831
TCAAGTGGTGGGTTGA-1-SN_092503,14.906716,2.1523037
TCAAGTGTCGTAACAC-1-SN_092503,-1.9523646,2.0071306
TCATCATTCCACGAAT-1-SN_092503,-3.0062044,2.0584981
TCCATGCAGAGATGCC-1-SN_092503,2.5384798,3.8328953
TCCATGCAGCATGATA-1-SN_092503,11.083427,-3.753364
TCCCATGGTTGCATTG-1-SN_092503,-2.260721,1.9356003
TCCGTGTCATCAACCA-1-SN_092503,9.324104,3.1467872
TCCGTGTGTAGATTAG-1-SN_092503,-4.886621,5.3794208
TCCTCTTCAGCCCAGT-1-SN_092503,-5.302062,5.7452326
TCGTGGGAGGAACTCG-1-SN_092503,3.6472826,1.6911153
TCTCACGCAAGCGGAT-1-SN_092503,-4.2467175,2.878666
TCTTGCGTCATCACCC-1-SN_092503,10.535912,-0.090743005
TGACAGTAGCAATTCC-1-SN_092503,3.1927907,3.1861432
TGAGGAGCAGAATTCC-1-SN_092503,-5.312406,2.1318543
TGATGCAGTGATGAAT-1-SN_092503,-0.44147727,1.8297648
TGATGGTTCTATTGTC-1-SN_092503,-0.5499972,2.4563138
TGCGGGTAGACGTCGA-1-SN_092503,-0.7647551,1.7635871
TGGAACTGTGCATACT-1-SN_092503,-12.401618,6.947176
TGTCCTGCACCGGCTA-1-SN_092503,-3.9018536,4.712629
TGTGCGGAGGAACTCG-1-SN_092503,-4.4141006,2.3911972
TTAGTCTGTACAGTAA-1-SN_092503,-3.2685547,2.5762408
TTCCGGTTCCCAGGAC-1-SN_092503,-8.549296,7.4000573
TTCCGTGTCTACGGTA-1-SN_092503,-5.4717116,0.899663
TTCCTAACAAAGCTCT-1-SN_092503,-6.67395,2.1826687
TTCTCTCTCCGTTTCG-1-SN_092503,-1.8851237,3.165283
TTCTGTACAATGTTGC-1-SN_092503,14.5813265,1.5593883
TTGGGTACATACCAGT-1-SN_092503,-5.2456656,1.0824895
TTTCAGTAGCTTTGTG-1-SN_092503,-3.5347211,4.7712374
TTTCAGTGTGTCCGGT-1-SN_092503,1.990622,5.1667843
AAAGGGCCAGTTCCAA-1-SN_092504,3.3330588,1.9184273
AAAGGGCTCTCGTCAC-1-SN_092504,-3.324075,3.6205568
AACAAGAGTTTAGAGA-1-SN_092504,-6.4140534,8.045001
AACAGGGCAGGAATCG-1-SN_092504,1.7646755,3.591169
AACGTCATCACGGTCG-1-SN_092504,3.2526834,11.633081
AAGCGAGTCGGACGTC-1-SN_092504,3.0246522,2.2461197
AAGGTAATCTTTCGAT-1-SN_092504,-3.505436,3.4058433
ACAAAGATCGCGCCAA-1-SN_092504,6.2704606,6.610082
ACAGAAAAGGTACAAT-1-SN_092504,-7.308325,8.365689
ACAGAAACAGTAACCT-1-SN_092504,3.2444162,3.7358692
ACCAAACTCCCTCGAT-1-SN_092504,-1.6014596,10.956412
ACCCTTGTCGTGGACC-1-SN_092504,-9.23926,5.957935
ACGATCATCCTTCTAA-1-SN_092504,-0.36020184,11.004527
ACTATTCAGCCTGCCA-1-SN_092504,11.291362,1.4368824
AGCCAATCAGAGAATT-1-SN_092504,14.54783,1.8672905
AGCGTATAGTAGCAAT-1-SN_092504,8.370552,14.702643
AGGTCTAGTCCGGATC-1-SN_092504,4.001375,2.826667
AGTTCCCCACACCTAA-1-SN_092504,-3.3922727,4.2641754
ATCGATGGTAGGAGGG-1-SN_092504,1.5118233,4.391199
ATGACCAAGTCTAACC-1-SN_092504,-3.264032,1.4822564
ATGATCGCAGGACGAT-1-SN_092504,11.683906,-3.6891983
ATGGATCAGTCACGCC-1-SN_092504,-4.7809973,3.877263
ATTCAGGAGGTTAAAC-1-SN_092504,10.73891,8.347399
CAAGAGGCATCATCCC-1-SN_092504,-1.5409229,6.6611814
CAATGACGTAACAGTA-1-SN_092504,-5.70205,3.7917616
CACAACACACACTTAG-1-SN_092504,3.6378272,4.3897915
CACACAACACCAGCTG-1-SN_092504,-8.3251705,6.739773
CACGAATTCAGCTGTA-1-SN_092504,-8.549677,5.785195
CACGTTCAGGTTACCT-1-SN_092504,6.5445514,3.9129555
CACTAAGGTCATCTAG-1-SN_092504,14.416377,1.6665233
CACTGGGCAGATTAAG-1-SN_092504,1.6703403,3.039358
CACTGGGGTCTCAAGT-1-SN_092504,-0.6703988,-4.335968
CATCCCAAGAAGTCCG-1-SN_092504,3.522867,2.868255
CCCTCAATCCTAACAG-1-SN_092504,-10.611205,8.972919
CCGTAGGCAACGACAG-1-SN_092504,-10.340548,8.9758625
CGAGTGCCACTCTCGT-1-SN_092504,-9.853265,8.04309
CGCATGGAGATTTGCC-1-SN_092504,7.6380806,5.4356756
CGCCAGATCCGTTTCG-1-SN_092504,-8.877881,5.4313226
CTATCCGCAGGTCAGA-1-SN_092504,-3.3727303,2.2547855
CTCAGTCTCCGCAACG-1-SN_092504,7.7900205,13.815477
CTCCCAAAGTGGCAGT-1-SN_092504,-9.624775,5.7423124
CTCTGGTCACTGAGTT-1-SN_092504,-0.45626473,3.1251523
CTGAATGCATGAATCC-1-SN_092504,1.5901312,4.6054516
CTGAGCGGTTCTCAGA-1-SN_092504,-3.0637305,1.927732
CTGTGGGCAACCCTAA-1-SN_092504,1.6323874,2.218569
GAAGTAATCACTCCGT-1-SN_092504,-5.8219695,7.684623
GAGACTTTCGGTTGTA-1-SN_092504,-12.8184805,7.0570154
GAGTGAGAGTCCCAAT-1-SN_092504,-6.552961,7.235852
GAGTTGTGTTCCACGG-1-SN_092504,-0.107251,9.215688
GATGACTAGAAGTATC-1-SN_092504,2.0023756,13.312937
GATGAGGAGCTGTCCG-1-SN_092504,-1.1911666,1.8666663
GATGGAGGTACCTTCC-1-SN_092504,-3.4358778,7.285727
GCAGTTACAGACAAAT-1-SN_092504,-3.4080436,4.4766483
GCCATGGTCACCTCTG-1-SN_092504,-4.7930613,3.3344016
GCCCGAAAGCGCCTCA-1-SN_092504,-0.4042417,2.3943088
GCCCGAACATGTACGT-1-SN_092504,-4.5596857,2.618394
GCGTGCAGTCCGCAGT-1-SN_092504,2.7110271,-4.238214
GGGACCTGTTAGCTAC-1-SN_092504,-2.6289985,2.6324432
GGTAGAGCAATGAGCG-1-SN_092504,-1.9532037,6.928285
GGTGAAGGTTCGGACC-1-SN_092504,-1.0749272,7.0051975
GTAACACGTTGGACCC-1-SN_092504,10.8800955,-1.5404586
GTAATCGGTCTACGAT-1-SN_092504,7.7539473,5.263347
GTCGTTCCACAAAGTA-1-SN_092504,-5.686806,1.0956291
GTGCGTGCATCGAGCC-1-SN_092504,-7.754175,3.9300191
GTGGGAAAGTTTCGGT-1-SN_092504,1.3607886,10.984092
GTTCATTTCCTTGGAA-1-SN_092504,3.6055331,2.3725874
GTTCGCTAGAGTGTGC-1-SN_092504,8.230746,4.7995925
GTTTGGACATATGGCT-1-SN_092504,11.186293,-1.5757754
TACAGGTTCAACACCA-1-SN_092504,3.0182445,2.5898871
TACTTGTTCAGATGCT-1-SN_092504,-3.344156,6.7518125
TAGGAGGGTCATCCGG-1-SN_092504,-0.12674323,3.4699304
TAGGTACGTGTGTGTT-1-SN_092504,-9.986305,9.414267
TCACATTGTAGCTTTG-1-SN_092504,1.1608851,2.2092125
TCAGTGACAAATAAGC-1-SN_092504,-8.978404,8.587092
TCCGAAATCTGATTCT-1-SN_092504,6.1842146,14.539178
TCGTGCTCATTGAAGA-1-SN_092504,-5.001013,7.7172246
TGCAGGCGTGCAAGAC-1-SN_092504,-7.621195,4.2490106
TGGGAAGCAATTCTTC-1-SN_092504,6.504065,14.993802
TGTCCCACAAACAGGC-1-SN_092504,0.017141853,10.1242075
TGTTTGTCATCCTGTC-1-SN_092504,-0.89281094,10.086301
TTCCTTCGTTGTCTAG-1-SN_092504,-2.009529,7.3378353
TTCTAACCACAACATC-1-SN_092504,11.838199,-3.7515364
TTGCTGCTCGTTGTAG-1-SN_092504,-2.331343,6.698965
TTGTGTTCACAGAGCA-1-SN_092504,10.181328,-2.2824674
TTGTTCAGTCTGTGAT-1-SN_092504,-10.629355,9.3761425
TTTACCATCGACATAC-1-SN_092504,-9.150101,6.331992
TTTCCTCGTCCCGCAA-1-SN_092504,1.5522327,2.6099787
AATGAAGCAATGACCT-1-SN_011501,1.0020761,-1.6122185
ACTATGGGTTTAGACC-1-SN_011501,-0.52038497,9.351825
ATAGAGAAGAAGTGTT-1-SN_011501,0.7108456,-3.917722
ATCGCCTCACTAGTAC-1-SN_011501,-0.58474475,9.41257
ATGGATCGTTCCAGGC-1-SN_011501,1.2017897,-3.2510378
ATTGGGTAGTTGCCCG-1-SN_011501,3.4614942,-3.2421205
CAGTTCCAGCGTGCTC-1-SN_011501,1.7165594,-2.4960759
CCTGTTGTCAAGATAG-1-SN_011501,-0.45161432,-3.8489082
GAGTTGTAGATACTGA-1-SN_011501,-8.396531,6.509982
GCCTGTTAGGCCACTC-1-SN_011501,13.645108,2.1146212
TCAAGCAAGAGCAGCT-1-SN_011501,-4.973881,4.5589657
TGTGGCGAGCGCCTCA-1-SN_011501,11.630859,-0.1176144
TGTTCTAGTGAACCGA-1-SN_011501,-8.358499,7.7627473
TTCCACGAGTCACTGT-1-SN_011501,2.188171,5.6622887
AAGGTAAAGGTCGACA-1-SN_011502,8.898602,-2.3562171
ACCCTCAGTCAGCTTA-1-SN_011502,9.858543,5.171651
AGCGCTGGTCACTCTC-1-SN_011502,10.931073,5.055716
CAATTTCAGTATCCTG-1-SN_011502,-9.549563,7.6670694
CACACAAAGTCTTCGA-1-SN_011502,-13.028714,6.6747684
CGTGAATTCTCTATAC-1-SN_011502,11.695016,1.4183995
CTCAGGGCAGCTACTA-1-SN_011502,10.348792,3.9432445
CTGAATGTCTTGAGCA-1-SN_011502,-4.6997766,8.826454
GGGCGTTCACCCTAAA-1-SN_011502,-0.2140346,-0.73217326
TACGGTATCCGTGTCT-1-SN_011502,2.4326959,10.723484
TGAGTCAGTCTTAGTG-1-SN_011502,0.9278005,-1.6267442
TGTGGCGCAGGACATG-1-SN_011502,1.2460197,-0.9732743
AACCACAAGGGACACT-1-SN_011503,2.114696,-2.7349415
AAGGAATCAATACCTG-1-SN_011503,11.161526,3.9197843
ACAACCAAGCTCGGCT-1-SN_011503,-2.4436412,4.4716535
ACTATGGTCTGTCGCT-1-SN_011503,3.3092558,-3.8051503
CCGGGTAGTAACAGTA-1-SN_011503,11.282959,3.4804256
CTAGACAAGGGCAAGG-1-SN_011503,13.222841,0.94893086
GACACGCGTTCAGCTA-1-SN_011503,8.671389,3.932154
GACTCAAAGAACTCCT-1-SN_011503,-0.8439264,-0.48651537
GGAAGTGGTGAATAAC-1-SN_011503,2.5840886,5.6082106
GGCAGTCGTAAGATCA-1-SN_011503,-9.994135,7.420341
GTGGGAAGTCGAGATG-1-SN_011503,-7.980958,6.536591
TGTCAGATCTCACCCA-1-SN_011503,2.1026318,-2.4442954
TTGCATTCATATCGGT-1-SN_011503,8.11794,8.378317
TTTCCTCTCGTCGCTT-1-SN_011503,0.2383094,-0.8272982
ACACAGTGTTGCTCGG-1-SN_011504,3.0014937,-3.216873
ACATCCCAGGGTGAGG-1-SN_011504,2.8663614,-1.8596753
ACTGATGAGCGCCTCA-1-SN_011504,8.870112,-1.7744945
GCACATAAGGTCTTTG-1-SN_011504,2.634139,-3.5976448
GCATCGGCACATACTG-1-SN_011504,-8.004007,8.862465
AAAGAACGTTCACGAT-1-SN_011505,8.573974,16.064072
AAGACTCGTGTGCCTG-1-SN_011505,11.56664,6.3269477
ACTGATGTCCTTACCG-1-SN_011505,12.127493,5.562245
ACTTCCGCAACCTAAC-1-SN_011505,10.917376,-3.4817448
AGAACCTAGTTGAAAC-1-SN_011505,10.93723,1.2531425
AGGATCTCAGTAGTGG-1-SN_011505,11.5157175,-2.9790256
ATGAAAGCATTCACAG-1-SN_011505,12.558384,-1.5520902
ATTCGTTCAAGGCAAC-1-SN_011505,10.25701,5.2191143
CAACCAAGTCAAAGAT-1-SN_011505,-7.3058066,8.335847
CAGCACGAGCTTTCCC-1-SN_011505,9.564634,5.625674
CATGGATCAAGGCGTA-1-SN_011505,12.0925,7.771488
CCCTGATTCGAATCCA-1-SN_011505,9.963633,5.1235785
CCGATCTCATCAGCTA-1-SN_011505,13.061013,4.8619885
CGGACACCAAGGCCTC-1-SN_011505,10.399728,6.0483966
CTTCTCTTCCTGTACC-1-SN_011505,7.697608,7.723501
GAAATGACAGGTTACT-1-SN_011505,11.055494,2.7476978
GACACGCGTTCAGCTA-1-SN_011505,10.383717,4.4231696
GACATCAGTTAAGGGC-1-SN_011505,10.216075,-1.1127766
GACCAATCATTCACCC-1-SN_011505,11.527849,2.193627
GAGTTGTAGCGAGGAG-1-SN_011505,-9.435487,8.360072
GCGATCGCAAGCACCC-1-SN_011505,10.437752,15.001105
GGGCTACAGGAGTACC-1-SN_011505,11.359225,13.761826
GGGTTATAGCCTTCTC-1-SN_011505,1.8736275,-1.9488456
GGTGAAGAGGTCCGAA-1-SN_011505,12.714744,8.537521
GTCACTCCAGCACACC-1-SN_011505,2.9791768,-3.0021703
GTCATCCGTCGTCTCT-1-SN_011505,12.448048,-1.375185
GTCATTTCAGAAGCTG-1-SN_011505,8.852858,14.229173
GTCATTTGTAGAGCTG-1-SN_011505,11.1655245,6.299044
GTGTGATAGAGTGTTA-1-SN_011505,11.5238085,4.4494405
GTTGCGGAGCTCACTA-1-SN_011505,8.504694,5.56465
TAGGAGGAGCGGACAT-1-SN_011505,8.296753,16.4708
TCATTTGTCCGCAGTG-1-SN_011505,9.394315,14.759432
TCGAACACAGGTACGA-1-SN_011505,10.451837,14.528358
TCGATTTAGTGATAGT-1-SN_011505,12.141304,8.495088
TCGGGACGTGCCTTCT-1-SN_011505,3.3877163,12.598811
TCTTGCGGTCACTACA-1-SN_011505,11.295241,5.049243
TGCTCGTGTTCCGCGA-1-SN_011505,7.88589,16.569962
TGTAGACGTTGCATCA-1-SN_011505,11.73938,7.205186
TTGAGTGAGTTCCGGC-1-SN_011505,5.0157385,12.89833
TTGGGATAGTCATCGT-1-SN_011505,-0.06271859,9.328084
TTGGGATGTGACCGAA-1-SN_011505,12.817999,1.3019032
AAGAACACACAAGTTC-1-SN_011506,12.480735,8.010807
AATGGCTGTATAATGG-1-SN_011506,4.4671626,14.513511
ACTATTCAGTCATCGT-1-SN_011506,11.958629,7.567666
ACTTTGTTCCGATAAC-1-SN_011506,10.788681,14.896226
AGACCATAGAACAAGG-1-SN_011506,9.0357,6.099175
ATACCGAGTTAGAGTA-1-SN_011506,13.269279,3.380024
ATCCCTGCATCGAGCC-1-SN_011506,9.441616,6.390073
CAGCACGCAGTTCACA-1-SN_011506,9.646255,5.596946
CATCAAGCAAGACGAC-1-SN_011506,12.2277565,1.8627822
CCGTAGGGTGCACGCT-1-SN_011506,3.0240238,11.256622
CCTCCAACATCGCCTT-1-SN_011506,8.771756,13.975486
CGACAGCGTACCAGAG-1-SN_011506,8.648997,15.410731
CTCAATTTCCGATGCG-1-SN_011506,10.121284,13.961833
CTGATCCAGAGGGTGG-1-SN_011506,0.29573777,8.706228
CTGGCAGGTTGCAAGG-1-SN_011506,12.18448,5.580615
GAAGGGTAGCGTTACT-1-SN_011506,8.002469,14.297295
GAATCGTGTTACAGCT-1-SN_011506,12.543006,5.1990533
GACTATGGTACCACGC-1-SN_011506,13.300917,4.3465676
GAGGGTAGTGGGATTG-1-SN_011506,9.6072855,6.9666743
GATGTTGAGGTTCTAC-1-SN_011506,5.780705,16.005291
GCCCAGAAGCCGGAAT-1-SN_011506,9.559848,15.944689
GGGTATTCAGCGTTGC-1-SN_011506,9.216369,5.5213003
GGGTGTCGTCTATGAC-1-SN_011506,12.654214,7.7140675
GGTGAAGAGTCTAGCT-1-SN_011506,8.904315,16.343452
GGTGATTAGATCACTC-1-SN_011506,6.3581276,14.878267
GTCATTTTCTTGGCTC-1-SN_011506,1.7811608,-2.9276595
TATTGGGTCCCATAGA-1-SN_011506,11.902745,-2.16197
TCCACGTAGTGCTAGG-1-SN_011506,2.4540467,-0.47547796
TCGGGACAGGGCAGAG-1-SN_011506,10.095926,13.407113
TCTTGCGAGATTGATG-1-SN_011506,7.2688923,15.422363
TGCTCCATCCATCTAT-1-SN_011506,12.855538,8.25028
TGTGAGTTCCGACAGC-1-SN_011506,14.322896,2.9474552
TTTACGTCAAATTAGG-1-SN_011506,8.059935,15.454906
AATGGCTGTATAATGG-1-SN_011507,7.426319,15.968283
AGTACTGGTCAACATC-1-SN_011507,10.703193,5.846697
ATCAGGTCAAATGATG-1-SN_011507,-1.47127,15.404192
CATACAGCAGAGCCCT-1-SN_011507,14.029993,3.524768
CATACAGGTTAAGGAT-1-SN_011507,11.131207,14.071207
CTCCGATTCTTTCAGT-1-SN_011507,12.593708,-0.5504868
CTTGAGACAAACCACT-1-SN_011507,2.2483926,11.285479
GATCACAGTTACGATC-1-SN_011507,9.312917,4.6658006
GCAACCGCATCCTCAC-1-SN_011507,14.299472,3.0409825
GCAGTTATCCATACTT-1-SN_011507,11.566428,14.341011
GCCAGGTGTATGAAGT-1-SN_011507,12.453929,-1.3417823
GCTTGGGAGTTCTACG-1-SN_011507,10.257446,4.592798
GGAAGTGGTGACTCTA-1-SN_011507,9.637313,6.0225844
GGAGCAATCGAGAGCA-1-SN_011507,10.598108,13.956252
GGGACAAAGCACGGAT-1-SN_011507,9.641304,-0.36424997
GGGAGATTCTCTCTTC-1-SN_011507,13.447675,1.6053976
GGGTGAATCCATACTT-1-SN_011507,11.649741,14.165528
GTCAAACCAACCGACC-1-SN_011507,14.255906,4.063915
TAATCTCGTCGGCCTA-1-SN_011507,11.491884,6.1570315
TACGGGCGTGTCCAAT-1-SN_011507,14.351986,2.6577353
TCGACGGTCAGACCGC-1-SN_011507,11.576113,7.0147567
AAAGTCCCACAATTCG-1-SN_011508,12.170534,2.8261724
AATGCCAAGACAGCGT-1-SN_011508,6.6050043,16.399906
ACAGCCGGTAAGTCAA-1-SN_011508,11.863411,-2.6345172
AGAAGTATCATTCCTA-1-SN_011508,13.1845455,2.254529
ATCAGGTCAAATGATG-1-SN_011508,9.310756,15.419417
CAGATACTCTCGGCTT-1-SN_011508,10.396027,13.751453
CATTCTAAGGCCCACT-1-SN_011508,8.214673,7.7529354
CCATCACTCTCATTAC-1-SN_011508,10.631062,5.2053432
CCTCAGTAGGTCATCT-1-SN_011508,10.082472,14.280965
CGGCAGTAGAGCATTA-1-SN_011508,2.546917,-3.1205685
CGTCAAAAGAGCAACC-1-SN_011508,11.669569,-0.86703604
CTCATTAAGTAAGGGA-1-SN_011508,8.765534,14.329263
CTGCCATGTGAGTGAC-1-SN_011508,8.427089,15.399958
GAGTTGTAGTGCGCTC-1-SN_011508,6.647524,15.881926
GATCATGCAGACCTGC-1-SN_011508,10.848735,14.593659
GATTGGTTCTGGGTCG-1-SN_011508,8.363394,10.950003
GTCATTTTCTTGGCTC-1-SN_011508,2.5124,-3.6673474
GTGACGCTCGGAGCAA-1-SN_011508,7.9895973,7.291102
GTGGCGTCAAGGTCTT-1-SN_011508,11.971461,-1.123024
TACAACGTCAGCTGAT-1-SN_011508,7.9011207,16.39345
TACCTGCCACTTCAAG-1-SN_011508,11.329019,5.6482797
TCACGCTGTACAGGTG-1-SN_011508,10.207497,5.65543
TGAGGAGAGGTCCCGT-1-SN_011508,9.048048,-0.32003167
TTAGTCTAGTTTAGGA-1-SN_011508,8.930299,15.398319
TTTGGTTAGACATCAA-1-SN_011508,2.8372478,14.38187
